,total,GLNA616,LYSA617,VALA618,ILEA619,GLYA620,ALAA621,GLYA622,GLUA623,GLUA626,VALA627,TYRA628,LYSA629,GLYA630,VALA643,ALAA644,ILEA645,LYSA646,THRA647,ASPA659,PHEA660,LEUA661,GLYA662,GLUA663,ALAA664,GLYA665,ILEA666,META667,GLYA668,GLNA669,PHEA670,SERA671,ASNA674,ILEA675,ILEA676,ARGA677,LEUA678,GLUA679,META689,ILEA690,ILEA691,THRA692,GLUA693,TYRA694,META695,GLUA696,ASNA697,GLYA698,ALAA699,LEUA700,ASPA701,LYSA702,PHEA703,LEUA704,ARGA705,GLUA706,LYSA707,ASPA708,TYRA729,LEUA730,ALAA731,ASNA734,TYRA735,VALA736,HISA737,ARGA738,ALAA742,ARGA743,ASNA744,ILEA745,LEUA746,VALA747,LYSA754,VALA755,SERA756,ASPA757,PHEA758,GLYA759,LEUA760,SERA761,ARGA762,VALA763,HOHA880,HOHA882,HOHA883,HOHA884,HOHA885,HOHA891,HOHA892,HOHA893,HOHA895,HOHA897,HOHA898,HOHA899,HOHA900,HOHA901,HOHA902,HOHA903,HOHA904,HOHA905,HOHA906,HOHA907,HOHA908,HOHA909
5IA4_88Z_A_1_5_H,-177.139,-2.297,9.285,-2.444,-2.45,-3.2,-4.462,-0.286,-3.981,-2.506,-3.594,-0.119,10.349,-3.348,0.792,-3.324,-1.217,-12.061,0.971,-2.246,-1.321,-1.942,-0.078,-10.126,-6.38,-1.991,0.261,-4.048,-2.202,1.855,-1.404,-1.094,0.788,-0.38,-3.748,6.091,-1.301,-6.25,0.405,-1.837,0.19,-2.324,-9.611,-6.768,-3.657,-12.146,-5.838,-2.958,-7.2,-2.874,-15.732,10.229,4.122,-4.21,4.659,-24.66,10.644,-4.506,-0.447,-0.623,-1.107,1.088,-0.288,-0.67,-1.147,1.618,-0.318,2.543,-0.97,-0.111,-5.229,-3.343,8.027,-2.25,-5.328,-19.234,-10.561,1.406,-2.189,-0.023,12.218,-0.549,-6.778,-7.508,-1.886,,,,,,,,,,,,,,,,,,,
5IA5_GV0_A_1_5_H,-172.604,-2.723,19.957,-3.629,-2.435,-2.297,-3.424,-0.498,-4.083,-4.28,-1.724,1.451,16.912,-5.069,0.6,-1.709,-1.982,-12.802,-0.49,-1.856,-1.113,-1.501,-0.259,-7.914,-4.819,-2.164,-0.281,-4.855,-1.742,1.54,-1.197,-0.873,0.771,-0.892,-3.405,8.62,-1.804,-7.21,0.344,-1.631,-0.28,-1.784,-12.159,-5.974,-1.617,-18.868,-9.033,-2.321,-7.974,-1.453,-12.99,6.016,2.863,-3.559,7.912,-20.263,12.447,-4.915,-0.474,-1.028,-0.837,0.7,-0.577,-0.581,-1.546,1.203,-0.114,1.528,-0.935,1.141,-4.694,-3.07,9.347,-1.86,-5.0,-16.546,-11.989,2.01,-1.274,-0.246,8.037,-0.374,,,-8.93,-4.207,-17.87,,,,,,,,,,,,,,,,,
5NKC_90T_A_1_5_H,-162.683,5.193,-40.273,6.508,-12.55,0.333,4.809,0.301,9.23,9.872,-6.444,-1.584,-37.466,8.494,-1.451,-2.616,-0.833,-26.178,2.1,5.69,-0.222,1.515,0.141,11.268,-0.118,0.401,-0.103,-3.67,-0.132,-1.284,-1.075,0.511,-0.954,-0.296,-4.467,-11.203,0.784,8.326,-0.448,-4.402,0.109,-5.836,14.678,-19.014,-8.801,10.608,-1.643,-10.471,3.483,1.933,16.711,-18.848,-2.192,2.152,-10.2,13.423,-11.688,6.673,0.487,-0.781,1.192,-0.897,-0.701,0.872,-1.105,-6.914,0.344,-6.498,0.04,0.182,-6.357,3.082,-12.481,1.427,-1.567,10.81,0.268,0.685,1.976,1.195,-13.331,-1.218,,,,,,,,,,,,,-14.956,-9.855,-7.366,,,,,,,
5NKD_91K_A_1_5_H,-158.53700000000003,3.823,-60.754,3.724,-8.724,-1.459,3.741,0.193,6.986,8.025,-6.237,-1.306,-16.458,3.957,-1.462,-2.673,-2.678,-24.563,0.972,4.773,-0.215,1.335,0.039,8.793,-0.054,0.243,-0.094,-2.896,-0.181,-1.182,-0.893,0.459,-0.827,-0.208,-3.193,-7.225,0.342,5.422,-0.426,-4.358,-0.642,-6.357,9.709,-6.605,-8.302,5.111,-2.445,-9.569,0.455,1.725,14.171,-16.67,-1.674,1.802,-8.536,11.172,-8.938,5.042,0.421,-0.665,1.061,-0.829,-0.584,0.763,-0.923,-5.499,0.303,-5.046,-0.052,0.19,-5.299,2.43,-9.096,1.033,-1.245,9.393,0.59,0.566,1.679,0.984,-11.308,-1.001,,,,,,,,,,,,,,-6.068,-9.108,-6.74,1.303,,,,,
5I9Z_627_A_1_5_H,-148.93099999999995,-2.158,14.292,-2.201,-2.482,-1.627,-2.901,-4.217,,-1.484,-3.402,0.922,7.81,-2.525,1.09,-0.935,-2.375,-21.51,0.708,-0.972,-0.528,-0.366,0.031,6.021,-0.218,0.025,0.036,0.288,0.125,0.868,0.779,-0.271,0.971,0.013,-0.071,7.644,-2.321,-5.845,0.24,0.439,0.446,1.467,-10.698,-15.094,-1.458,-16.811,-0.195,-5.33,-7.074,-3.666,-18.253,11.239,2.49,-4.883,9.736,-39.104,11.212,-5.452,-0.379,0.427,-0.986,0.845,0.436,-0.644,0.469,2.456,-0.417,1.595,-2.111,-0.285,-9.323,-3.654,8.819,-1.746,-0.753,-6.223,-1.121,0.752,-0.787,-0.918,0.482,0.676,,,,,,,,,,,,-2.481,-7.504,-7.153,-9.025,-2.843,,,,,,
6FNG_DWT_A_1_5_H,-147.00400000000002,0.25,-1.45,0.389,-3.863,0.154,1.152,0.221,-7.435,-0.742,-3.734,-0.3,-3.593,0.636,-0.081,-3.356,-1.716,13.37,-2.558,-1.775,-0.06,-2.021,-0.187,-26.649,-0.894,-1.012,-0.867,-6.8,0.063,0.119,-2.469,-0.214,-0.147,-1.967,-7.913,-0.171,0.881,0.609,-0.216,-0.276,-3.581,-6.815,0.529,-6.998,-6.472,3.142,-0.567,-1.684,-1.355,0.093,3.439,-2.338,-0.311,-0.004,-1.805,1.619,-1.459,0.936,0.051,-2.27,0.378,0.002,-3.374,0.184,-4.512,0.218,0.117,-1.179,-0.107,0.354,-4.957,1.515,-3.223,-0.8,-5.503,-8.571,-11.047,-0.547,-0.777,,,,,,,,,,,,,,,,,,,,,-8.101,-5.6,,-0.399,-0.603
5I9Y_1N1_A_1_5_H,-143.838,0.005,-4.785,-0.301,-7.879,-1.839,1.338,0.148,2.83,3.411,-5.728,1.195,-2.165,0.477,0.008,-3.184,-3.018,-18.813,0.346,2.051,-0.468,0.229,-0.076,2.613,-0.165,-0.11,-0.155,-2.193,0.026,-0.055,-0.092,-0.008,-0.078,-0.007,-2.478,-0.996,-0.81,1.049,-0.182,-2.548,-1.572,-6.066,0.181,-9.772,-6.618,-2.848,-3.371,-6.19,-5.077,0.885,3.947,-10.206,-0.466,-0.751,-2.831,-9.978,-0.789,0.97,0.021,-0.153,0.035,-0.017,-0.14,0.024,-0.503,-2.083,0.21,-3.412,0.535,0.43,-5.683,0.119,-1.667,0.285,-1.097,3.659,0.627,0.197,0.246,0.17,-5.157,-0.095,,,,,,,,,,,,,-3.998,,,0.266,,0.234,-9.901,-9.301,,-4.73
6FNF_DXH_A_1_5_H,-143.168,-0.009,0.036,-0.261,-3.942,-2.522,-0.996,0.069,-2.667,-0.516,-5.643,0.507,-0.436,0.09,-0.1,-2.054,-2.814,6.371,-2.093,-1.434,0.026,-1.679,-0.251,-25.709,-0.426,-1.083,-1.232,-6.435,0.24,-0.203,-1.974,-0.184,-0.111,-1.974,-7.771,1.28,0.079,-0.904,-0.24,-0.623,-3.044,-6.186,-2.446,-7.345,-6.959,-0.402,-0.489,0.252,-1.522,-0.506,1.704,-0.318,-0.084,-0.177,-0.925,0.402,-0.435,0.337,0.083,-2.537,0.531,-0.063,-2.819,0.33,-5.257,0.143,0.082,-1.062,-0.448,1.081,-5.065,0.907,-1.084,-1.524,-6.941,-6.726,-12.938,2.471,-1.504,0.092,,,,,,,,,,,,-5.189,,,,,,,,,,,,
5NKH_8ZQ_A_1_5_H,-139.719,-1.79,4.374,-1.438,-5.759,-3.719,-1.64,0.081,-2.997,-2.481,-5.822,1.268,6.947,-2.002,0.639,-2.139,-3.9,-2.24,-0.672,-1.745,-0.593,-1.431,-0.012,-9.074,-0.489,-0.767,0.088,-0.983,-0.242,1.46,1.108,-0.548,0.923,0.352,0.111,6.901,-2.01,-5.156,0.224,-1.096,-2.291,-4.347,-12.424,-12.541,-2.076,-16.76,-6.563,-2.97,-6.431,-2.249,-14.863,21.866,1.161,-4.223,8.138,-30.792,10.556,-5.64,-0.499,0.612,-1.152,0.902,0.63,-0.436,0.931,1.055,-0.203,2.19,0.206,0.396,-3.63,-3.409,9.127,-1.206,-0.865,-4.952,-0.061,-0.316,-1.437,-1.34,5.039,-0.486,,,,,,,,,,,-12.348,-7.672,2.661,-0.901,-3.837,,,,,,,
5I9X_DB8_A_1_5_H,-135.467,-2.498,13.585,-2.067,-1.862,0.169,-5.114,-0.16,-7.275,-6.455,-3.302,0.088,10.728,-3.21,0.931,-3.358,-1.726,2.179,-0.874,-3.92,-0.604,-1.389,0.025,-12.54,-0.62,-0.135,0.245,-0.89,0.084,1.13,0.784,-0.412,0.909,-0.111,-1.627,6.532,-1.238,-5.992,0.302,-0.844,-1.414,-3.448,-10.468,-7.941,-3.582,-13.886,-4.294,-4.544,-2.509,-3.652,-20.61,16.387,1.633,-4.995,12.758,-43.343,13.286,-7.345,-0.411,0.637,-1.063,0.854,0.502,-0.77,0.889,5.592,-0.4,5.595,-2.133,-0.336,-4.304,-3.167,8.826,-1.161,-1.365,-10.591,-1.412,-0.755,-1.879,-1.623,10.348,1.182,,,,,,,,,,,,,-1.325,,-7.75,0.026,0.371,,-4.17,-7.175,,
5NKG_8ZK_A_1_5_H,-131.843,-2.386,5.588,-1.95,-6.875,0.011,-1.695,0.306,-1.908,-1.41,-4.961,2.243,6.88,-1.76,1.285,-1.949,-4.298,-2.707,-1.323,-1.291,-0.864,-1.38,-0.174,-8.831,-0.414,-0.732,0.184,-0.881,0.002,0.99,1.119,-0.504,0.913,0.414,-0.443,6.886,-2.214,-5.372,0.137,-0.697,-2.749,-4.777,-11.969,-11.225,-2.571,-15.714,-5.371,-1.11,-7.526,-4.036,-13.754,15.563,2.496,-4.025,6.235,-12.959,7.913,-3.499,-0.489,0.569,-1.187,0.943,0.752,-0.562,0.845,0.818,-0.204,0.542,0.631,0.505,-5.486,-4.17,8.327,-1.105,0.096,-6.026,0.155,-0.918,-1.125,-0.153,4.622,1.154,,,,,,,,,,,,5.057,-9.567,-9.834,-8.319,-1.533,-7.042,,,,,
5NKB_8ZT_A_1_5_H,-121.087,-0.122,-0.586,-0.344,-7.513,-3.871,-0.095,-0.408,1.119,1.339,-5.504,0.567,0.171,0.06,-0.036,-3.172,-3.012,-13.645,0.292,0.733,-0.432,0.122,-0.063,-0.135,-0.272,-0.156,-0.084,-2.005,-0.078,-0.031,0.019,-0.026,-0.019,0.017,-2.126,0.307,-0.836,-0.348,-0.124,-2.802,-1.484,-5.734,-1.593,-9.898,-5.692,-4.597,-3.414,-5.683,-3.594,-0.17,0.503,-0.709,-0.24,-0.093,-0.538,0.009,0.116,0.111,-0.013,-0.041,-0.011,-0.001,-0.04,-0.018,-0.189,-0.644,0.044,-1.026,-0.359,0.223,-6.082,-0.399,0.084,0.03,-0.715,1.147,0.35,0.013,0.033,0.078,-2.729,-0.096,,,,,,,,,,,,0.482,-8.945,-9.658,-3.933,,-1.052,-1.821,,,,
5NK7_8ZZ_A_1_5_H,-119.897,-1.907,2.324,-2.075,-3.377,-1.528,-1.781,0.24,-1.123,-0.403,-4.96,2.357,3.489,-1.727,1.173,-2.231,-3.855,-5.359,-0.934,-0.351,-0.791,-1.289,-0.133,-7.462,-0.507,-0.624,0.184,-1.346,-0.045,0.973,1.0,-0.587,0.767,0.293,-0.661,4.914,-1.871,-3.348,0.135,-0.609,-2.686,-4.961,-9.95,-12.22,-2.542,-11.75,1.615,-3.743,-5.46,-2.601,-10.648,13.032,1.167,-3.206,4.451,-8.033,5.671,-2.357,-0.47,0.542,-1.186,0.926,0.473,-0.773,0.558,1.999,-0.162,-0.392,0.846,0.67,-5.316,-3.624,6.468,-0.982,-0.633,-4.32,0.185,-0.873,-1.825,-1.368,3.924,1.232,,,,,,,,,,,,-4.798,-8.158,-7.971,-7.613,,,,,,,
5NK8_90Z_A_1_5_H,-118.98600000000002,0.068,4.232,0.194,-6.277,-0.405,,,,-1.927,-4.303,0.356,2.82,0.373,-0.133,-1.309,-2.034,-4.241,0.256,-2.282,-0.493,-0.344,-0.078,-7.748,-0.284,-0.454,0.111,-1.904,-0.327,0.063,0.298,-0.075,0.167,0.062,-1.244,2.925,-0.85,-3.608,-0.181,-1.667,-0.77,-4.217,-5.786,-11.815,-4.938,-10.829,-3.136,-5.301,-3.287,-1.48,-6.648,5.697,-0.422,-2.317,5.286,-28.651,8.955,-4.606,-0.083,0.196,-0.13,0.044,0.22,-0.103,0.422,2.103,-0.066,2.903,-0.362,-0.058,-4.628,-0.683,4.561,-0.558,-0.791,-6.061,-0.711,-0.244,,,,,,,,,,,,,,-7.543,-2.906,,,,,,,,,,,
5NKA_91H_A_1_5_H,-115.308,2.701,-14.637,2.613,-9.892,-2.145,2.695,-0.114,2.782,2.937,-4.44,-1.637,-11.912,2.766,-1.294,-1.38,-1.436,-6.225,0.513,-0.05,-0.384,0.905,0.008,0.193,-0.004,-0.068,-0.028,-2.221,-0.252,-1.414,-0.714,0.366,-0.77,-0.163,-3.603,-4.538,0.44,1.916,-0.682,-3.549,-0.275,-5.045,5.434,-14.155,-7.227,-0.267,0.144,-2.544,0.394,0.898,8.694,-10.436,-1.133,1.391,-4.472,6.909,-4.232,2.276,0.363,-0.438,0.953,-0.836,-0.74,0.621,-0.808,0.02,0.159,-0.89,-0.003,-0.324,-4.651,1.771,-4.757,0.556,-1.037,0.171,-0.608,-0.235,,,,,,,,,,-14.874,,-13.358,,,,,,,,,,,,,,
5NKI_8ZW_A_1_5_H,-112.58600000000001,-0.354,0.111,-0.746,-6.323,-2.711,-1.404,0.341,1.294,0.909,-5.61,0.664,1.663,-0.493,-0.033,-2.493,-3.323,-13.464,-0.251,0.561,-0.431,-0.071,-0.137,-1.282,-0.094,-0.297,-0.142,-2.044,-0.035,-0.095,0.044,-0.049,-0.06,0.098,-1.892,1.049,-0.881,-1.081,-0.171,-2.462,-1.792,-5.686,-2.698,-8.81,-5.624,-7.215,-4.088,-3.382,-11.394,2.673,4.541,-4.605,0.007,-0.202,-2.561,1.451,0.049,0.424,-0.024,-0.062,-0.024,-0.002,-0.071,-0.04,-0.331,-0.535,0.303,-2.304,0.902,0.249,-5.672,-0.211,0.545,0.088,-0.862,0.947,0.571,-0.119,,,,,,,,,,,,,,,,0.664,-7.739,-2.853,-5.399,,,,,,,
5NK2_8ZZ_A_1_5_H,-106.293,-1.706,1.526,-1.668,-6.599,-0.787,-1.824,0.092,-0.649,0.121,-4.948,2.19,0.971,-1.332,1.069,-2.154,-3.51,-9.062,-0.77,-0.241,-0.84,-1.168,-0.089,-5.901,-0.59,-0.501,0.098,-1.535,-0.001,1.151,0.86,-0.56,0.688,0.302,-0.703,3.635,-1.706,-2.557,0.146,-0.848,-2.593,-5.304,-8.173,-13.106,-3.051,-8.798,1.273,-1.878,-4.25,-1.791,-9.306,13.097,0.477,-3.231,4.036,-14.51,3.918,-1.682,-0.441,0.525,-1.166,0.894,0.429,-0.82,0.48,1.731,-0.115,-0.962,0.852,0.279,-5.624,-3.191,4.917,-0.761,-0.017,-4.001,0.115,-0.64,-1.739,-0.94,2.961,1.254,,,,,,,,,,,,,2.038,-8.079,,,,,,,,
5NJZ_8ZH_A_1_5_H,-105.907,-2.01,5.175,-2.056,-2.167,-1.915,-1.841,-0.03,-1.942,-2.319,-4.777,1.97,6.951,-2.207,1.171,-2.108,-3.875,-6.109,-0.924,-1.144,-0.367,-1.387,-0.134,-8.045,-0.465,-0.526,0.128,-1.451,-0.054,1.114,0.946,-0.668,0.845,0.344,-0.469,6.195,-1.886,-5.22,0.075,-0.518,-2.636,-5.367,-10.994,-7.496,-2.97,-13.571,-1.698,-2.76,-5.462,-2.858,-12.274,15.817,1.331,-3.176,5.978,-10.633,7.285,-3.277,-0.421,0.662,-1.178,0.91,1.241,-0.593,-0.41,0.411,-0.211,1.031,0.882,0.758,-5.754,-3.565,7.754,-0.806,-0.608,-2.493,0.982,-0.259,-1.676,-0.391,,,,,,,,,,,,,,0.399,-8.133,-7.978,,,,,,,,
5IA1_ZZL_A_1_5_H,-103.995,2.101,-9.253,1.762,-7.548,-1.654,2.468,-0.834,4.977,4.067,-6.483,-0.06,-11.17,3.08,-1.025,-3.538,0.404,-24.365,0.581,2.431,0.123,1.753,0.094,9.533,-0.253,0.558,-0.317,-1.192,0.043,-0.741,-1.17,0.455,-0.952,-0.394,-3.884,-7.419,1.328,6.936,-0.239,-2.902,1.502,-2.774,11.9,-4.821,-9.426,7.939,-5.825,-10.238,1.099,3.577,16.046,-40.114,-2.079,3.075,-9.121,18.674,-7.647,4.286,0.415,-0.543,1.35,-1.082,-0.974,0.767,-0.618,-2.104,0.292,-2.482,-3.183,-2.02,-7.984,3.203,-9.772,1.305,-4.308,1.335,-1.805,-0.803,0.02,1.844,,,,,,,,-10.202,,,,,,,,,,,,,,,,
5NK3_92Q_A_1_5_H,-103.709,-3.011,8.001,-1.999,-1.288,-7.055,-7.037,-0.507,-5.318,-2.904,-3.163,0.393,7.521,-3.685,0.854,-0.709,-2.451,1.047,-1.486,-2.443,-0.28,-1.972,-0.149,-10.467,-0.346,-0.73,0.065,-1.721,0.017,1.782,1.274,-0.679,0.669,0.575,-0.061,5.249,-1.858,-4.621,0.462,0.6,-2.296,-4.719,-10.579,-11.159,-4.175,-10.775,0.467,-0.088,-9.358,1.185,-10.677,9.002,-1.355,-1.1,6.101,-6.958,5.456,-1.765,-0.544,0.713,-1.341,0.948,0.977,-0.844,1.028,0.64,-0.249,2.226,0.251,-0.935,-5.591,-3.141,6.982,-0.925,-1.091,-9.539,0.23,0.409,-0.569,1.186,5.306,-1.643,,,,,,,-7.969,,,,,,,,,,,,,,,
5IA2_L66_A_1_5_H,-102.41399999999999,0.235,0.127,0.243,-4.527,-1.508,-0.02,0.373,-1.154,-1.02,-5.707,-0.463,-1.62,0.109,-0.161,-4.389,-0.675,-0.503,-1.609,-1.708,-0.493,-1.036,-0.04,-21.411,-0.54,-0.413,0.294,-0.871,-0.156,0.193,0.091,-0.164,-0.064,-0.023,-2.524,-0.962,0.496,-0.105,-0.156,-1.493,-2.725,-5.311,0.244,-4.784,-9.275,0.857,-0.995,-4.025,1.871,-0.092,-1.663,1.111,-0.399,0.273,1.208,-0.77,0.162,-0.392,-0.084,0.157,-0.136,0.063,0.056,-0.096,0.328,1.961,-0.288,1.935,-2.784,-2.383,-9.043,-0.393,-1.009,0.229,-2.604,-7.758,0.999,-1.554,-0.972,-0.537,5.544,0.433,,,,,,,,-0.973,-5.446,,,,,,,,,,,,,
5NK4_90E_A_1_5_H,-102.363,-2.009,6.474,-1.58,-2.256,-1.23,-6.127,0.637,-6.677,-4.465,-3.369,0.201,6.467,-2.785,0.964,-0.811,-3.869,9.982,-2.94,-3.588,-0.923,-2.641,-0.157,-17.496,-0.693,-0.87,0.235,-0.565,-0.095,1.63,1.377,-0.853,0.695,0.805,0.324,7.032,-1.983,-5.944,0.259,0.718,-4.072,-5.068,-14.1,-11.416,-2.946,-12.036,-0.103,0.216,-5.984,0.736,-11.117,6.754,-0.577,-0.144,6.009,-4.577,3.559,-1.767,-0.667,0.93,-1.628,1.161,0.623,-1.156,1.408,5.645,-0.57,3.771,1.949,-1.891,-5.694,-4.289,8.485,-0.654,1.036,-11.421,-0.652,-1.758,-3.21,-2.132,13.487,2.351,,,,,,,,,,,,,-5.94,-8.788,,,,,,,,
5NK6_90W_A_1_5_H,-90.818,0.135,2.733,-0.525,-4.903,-5.516,-1.757,-0.272,-1.477,-2.095,-4.143,0.054,3.447,-0.631,-0.182,-2.47,-3.027,-0.27,-0.831,-1.767,-0.27,-0.366,-0.192,-6.758,-0.045,-0.499,-0.011,-1.924,-0.145,-0.091,0.122,-0.085,-0.084,0.144,-1.637,2.505,-0.701,-2.82,-0.195,-2.086,-2.146,-5.666,-4.604,-8.075,-6.257,-6.882,-1.598,-2.833,-11.443,2.747,1.855,-1.894,-0.365,-0.182,-0.061,-1.341,1.184,-0.862,-0.051,0.04,-0.03,-0.023,0.035,-0.031,-0.091,1.313,0.2,0.744,0.237,-0.095,-5.565,0.086,2.074,0.163,-0.654,-1.481,0.639,-0.389,-0.115,-0.023,2.005,-0.23,,,,,,,,,,,,-2.518,,,,,,,,,,
5IA3_P17_A_1_5_H,-88.33300000000001,-0.253,1.588,-0.493,-5.94,-2.131,-1.074,0.383,0.51,0.469,-5.106,0.636,1.771,-0.24,-0.129,-2.056,-1.795,-15.038,0.606,0.247,-0.44,0.252,-0.062,-0.609,-0.159,-0.157,-0.075,-1.766,-0.084,-0.067,0.016,0.017,0.037,-0.033,-2.166,1.181,-0.815,-1.031,-0.128,-2.306,-0.57,-3.22,-2.265,-7.627,-4.753,-6.838,-1.338,-2.72,-4.008,-0.7,-0.901,0.843,-0.041,-0.343,0.459,-1.654,1.275,-0.552,-0.004,-0.022,0.003,-0.013,-0.061,-0.023,-0.091,0.04,0.019,-0.335,0.042,0.296,-5.621,-0.705,1.327,-0.288,-0.684,-0.205,-0.123,-0.053,0.047,-0.199,-0.258,,,,,,,,,,,,,-7.161,-1.04,-1.828,,,,,,,,
